,wavelength,tap,head
0,310.0,2.76750853e-08,6.59758939e-07
1,311.0,2.94075253e-08,6.55694635e-07
2,312.0,2.7411927e-08,6.2262535e-07
3,313.0,2.91224289e-08,6.13018699e-07
4,314.0,2.90127797e-08,5.94359506e-07
5,315.0,2.54163446e-08,5.79210507e-07
6,316.0,2.72364939e-08,5.60366573e-07
7,317.0,2.61619562e-08,5.46510705e-07
8,318.0,2.4824244e-08,5.22124424e-07
9,319.0,2.18637712e-08,5.08268613e-07
10,320.0,2.18418332e-08,4.91456888e-07
11,321.0,2.24339338e-08,4.73906198e-07
12,322.0,2.2083066e-08,4.6245205e-07
13,323.0,2.00436219e-08,4.41391137e-07
14,324.0,1.82673201e-08,4.28643858e-07
15,325.0,1.39252894e-08,4.16820228e-07
16,326.0,1.15569021e-08,4.03518612e-07
17,327.0,1.79822397e-08,3.868916e-07
18,328.0,1.346476e-08,3.69156197e-07
19,329.0,1.21928494e-08,3.5788679e-07
20,330.0,1.47147468e-08,3.46432671e-07
21,331.0,8.85957174e-09,3.32392091e-07
22,332.0,1.26314408e-08,3.2186162e-07
23,333.0,8.00431366e-09,3.05419377e-07
24,334.0,1.00876196e-08,2.94519452e-07
25,335.0,1.12937446e-08,2.85282255e-07
26,336.0,9.16657594e-09,2.75306007e-07
27,337.0,1.17323351e-08,2.64775537e-07
28,338.0,1.02849915e-08,2.49441825e-07
29,339.0,1.05481339e-08,2.45192638e-07
30,340.0,9.10079034e-09,2.31152086e-07
31,341.0,8.44290415e-09,2.27457235e-07
32,342.0,7.56572227e-09,2.19882679e-07
33,343.0,4.05701117e-09,2.08059063e-07
34,344.0,7.03942282e-09,2.05472631e-07
35,345.0,7.39028927e-09,1.97528607e-07
36,346.0,3.55261953e-09,1.96420189e-07
37,347.0,3.50877283e-09,1.9383377e-07
38,348.0,4.97803976e-09,1.85335523e-07
39,349.0,4.45173987e-09,1.8367291e-07
40,350.0,3.55261953e-09,1.81271218e-07
41,351.0,5.74557379e-09,1.84596587e-07
42,352.0,-6.79763579e-10,1.81455945e-07
43,353.0,4.14472012e-09,1.81086477e-07
44,354.0,4.71489736e-09,1.78500045e-07
45,355.0,1.3596807e-09,1.83118573e-07
46,356.0,4.49560211e-09,1.7979319e-07
47,357.0,3.35526296e-09,1.83488041e-07
48,358.0,5.02190201e-09,1.81455945e-07
49,359.0,3.68420605e-09,1.8367291e-07
50,360.0,4.18858237e-09,1.90508388e-07
51,361.0,2.80702439e-09,1.91616806e-07
52,362.0,5.65786484e-09,2.01962536e-07
53,363.0,3.13596749e-09,2.06026982e-07
54,364.0,4.07893452e-09,2.10091287e-07
55,365.0,5.3508451e-09,2.18959002e-07
56,366.0,5.2192739e-09,2.29304717e-07
57,367.0,2.03949035e-09,2.3835716e-07
58,368.0,5.5920637e-09,2.50365503e-07
59,369.0,6.16224094e-09,2.58679023e-07
60,370.0,7.25871807e-09,2.66253579e-07
61,371.0,3.7061294e-09,2.84358464e-07
62,372.0,7.80695686e-09,2.9544313e-07
63,373.0,1.3596807e-09,3.12439596e-07
64,374.0,6.62275523e-09,3.30359882e-07
65,375.0,7.30258032e-09,3.46617384e-07
66,376.0,8.20168555e-09,3.65645946e-07
67,377.0,7.56572227e-09,3.88184901e-07
68,378.0,6.11837914e-09,4.17004969e-07
69,379.0,7.93852806e-09,4.32708163e-07
70,380.0,4.91225416e-09,4.60789295e-07
71,381.0,8.39904235e-09,4.89609533e-07
72,382.0,3.35526296e-09,5.16212651e-07
73,383.0,9.16657594e-09,5.42076805e-07
74,384.0,1.26753026e-08,5.78286688e-07
75,385.0,1.36182701e-08,6.10062841e-07
76,386.0,1.23463595e-08,6.34633693e-07
77,387.0,1.3289327e-08,6.71767452e-07
78,388.0,1.41665089e-08,7.1093325e-07
79,389.0,1.49340433e-08,7.41416045e-07
80,390.0,1.60743809e-08,7.84646204e-07
81,391.0,1.87497733e-08,8.22149389e-07
82,392.0,2.02629185e-08,8.57804935e-07
83,393.0,2.1710262e-08,9.01774115e-07
84,394.0,1.85524165e-08,9.52394089e-07
85,395.0,2.50435388e-08,1.00024272e-06
86,396.0,2.51093404e-08,1.03940852e-06
87,397.0,2.6556684e-08,1.07820483e-06
88,398.0,2.84426189e-08,1.12494536e-06
89,399.0,3.22364251e-08,1.16115507e-06
90,400.0,1.09922667e-06,1.00882426e-05
91,401.0,9.60569537e-07,1.0156934e-05
92,402.0,1.09880875e-06,1.03339335e-05
93,403.0,1.08397137e-06,1.04678738e-05
94,404.0,1.11716849e-06,1.05407871e-05
95,405.0,1.02242291e-06,1.06878833e-05
96,406.0,1.03816501e-06,1.08129661e-05
97,407.0,1.11873294e-06,1.08446393e-05
98,408.0,9.8589021e-07,1.10588662e-05
99,409.0,1.07760081e-06,1.12661446e-05
100,410.0,9.82693109e-07,1.13583401e-05
101,411.0,1.16149715e-06,1.16429519e-05
102,412.0,1.07446692e-06,1.16489973e-05
103,413.0,1.07826804e-06,1.18542766e-05
104,414.0,1.05073696e-06,1.21392277e-05
105,415.0,1.02786203e-06,1.21375688e-05
106,416.0,1.07249423e-06,1.22968622e-05
107,417.0,1.14001091e-06,1.25489159e-05
108,418.0,1.14050351e-06,1.27670919e-05
109,419.0,1.11494319e-06,1.27818012e-05
110,420.0,1.06109917e-06,1.29119053e-05
111,421.0,1.15104365e-06,1.30497947e-05
112,422.0,1.16771218e-06,1.30833023e-05
113,423.0,1.16221042e-06,1.30576564e-05
114,424.0,1.08777465e-06,1.33254007e-05
115,425.0,1.12301677e-06,1.33760213e-05
116,426.0,1.15733906e-06,1.34216989e-05
117,427.0,1.09056964e-06,1.35030477e-05
118,428.0,1.13713304e-06,1.36348699e-05
119,429.0,1.15272292e-06,1.35548598e-05
120,430.0,1.1752345e-06,1.37842835e-05
121,431.0,1.14584805e-06,1.36282324e-05
122,432.0,1.1748798e-06,1.39259773e-05
123,433.0,1.18707237e-06,1.39638832e-05
124,434.0,1.16287856e-06,1.41051087e-05
125,435.0,1.1371302e-06,1.4265308e-05
126,436.0,1.11004147e-06,1.43310872e-05
127,437.0,1.20840446e-06,1.44952164e-05
128,438.0,1.18417677e-06,1.43748566e-05
129,439.0,1.14098077e-06,1.47231394e-05
130,440.0,1.16189221e-06,1.46002867e-05
131,441.0,1.16999217e-06,1.48230538e-05
132,442.0,1.10984161e-06,1.4827081e-05
133,443.0,1.15973728e-06,1.48932495e-05
134,444.0,1.16803744e-06,1.50400128e-05
135,445.0,1.17216689e-06,1.50894894e-05
136,446.0,1.14032457e-06,1.54655172e-05
137,447.0,1.13864303e-06,1.55154321e-05
138,448.0,1.1942941e-06,1.56547558e-05
139,449.0,1.2581296e-06,1.60028576e-05
140,450.0,1.22061965e-06,1.62433371e-05
141,451.0,1.22143342e-06,1.64191588e-05
142,452.0,1.29943692e-06,1.66493592e-05
143,453.0,1.28749559e-06,1.68266106e-05
144,454.0,1.29425143e-06,1.68595216e-05
145,455.0,1.30988735e-06,1.73769022e-05
146,456.0,1.3608643e-06,1.72527125e-05
147,457.0,1.29438774e-06,1.73310509e-05
148,458.0,1.36344363e-06,1.78442097e-05
149,459.0,1.34678123e-06,1.79938379e-05
150,460.0,1.39031613e-06,1.8114617e-05
151,461.0,1.44920773e-06,1.88197755e-05
152,462.0,1.4422875e-06,1.91248491e-05
153,463.0,1.49043547e-06,1.97764894e-05
154,464.0,1.57606769e-06,2.04669414e-05
155,465.0,1.57589795e-06,2.1037953e-05
156,466.0,1.61825164e-06,2.14040738e-05
157,467.0,1.68256645e-06,2.22092494e-05
158,468.0,1.64116602e-06,2.22218168e-05
159,469.0,1.68410941e-06,2.25537624e-05
160,470.0,1.67527185e-06,2.25609856e-05
161,471.0,1.59730212e-06,2.22774161e-05
162,472.0,1.61948356e-06,2.20631828e-05
163,473.0,1.57905379e-06,2.16509416e-05
164,474.0,1.53963845e-06,2.10367507e-05
165,475.0,1.47399157e-06,2.06099212e-05
166,476.0,1.46110017e-06,2.01733219e-05
167,477.0,1.42638021e-06,1.97704812e-05
168,478.0,1.43315526e-06,1.96313722e-05
169,479.0,1.44306966e-06,1.95828907e-05
170,480.0,1.38393864e-06,1.94947388e-05
171,481.0,1.44492083e-06,1.96905021e-05
172,482.0,1.38253085e-06,1.94600671e-05
173,483.0,1.3825744e-06,1.96109486e-05
174,484.0,1.39462577e-06,1.93775904e-05
175,485.0,1.3434244e-06,1.903673e-05
176,486.0,1.34141089e-06,1.88991507e-05
177,487.0,1.38226665e-06,1.91859199e-05
178,488.0,1.38271059e-06,1.92110801e-05
179,489.0,1.35055393e-06,1.92298976e-05
180,490.0,1.3145841e-06,1.90354094e-05
181,491.0,1.34245886e-06,1.9196561e-05
182,492.0,1.31224135e-06,1.91255822e-05
183,493.0,1.32951197e-06,1.92678363e-05
184,494.0,1.31817364e-06,1.90248538e-05
185,495.0,1.33763479e-06,1.89402235e-05
186,496.0,1.29425257e-06,1.87029527e-05
187,497.0,1.30881153e-06,1.8438197e-05
188,498.0,1.28865656e-06,1.85227964e-05
189,499.0,1.24105281e-06,1.81457017e-05
190,500.0,1.21764151e-06,1.79337894e-05
191,501.0,1.2496115e-06,1.7922157e-05
192,502.0,1.20286552e-06,1.76830999e-05
193,503.0,1.24012593e-06,1.77737638e-05
194,504.0,1.17565401e-06,1.75145997e-05
195,505.0,1.1866963e-06,1.74538472e-05
196,506.0,1.20511413e-06,1.73986682e-05
197,507.0,1.15840908e-06,1.72902819e-05
198,508.0,1.19324829e-06,1.74248344e-05
199,509.0,1.179229e-06,1.75009936e-05
200,510.0,1.15108082e-06,1.74142679e-05
201,511.0,1.13882584e-06,1.74332326e-05
202,512.0,1.13722706e-06,1.74022498e-05
203,513.0,1.14915815e-06,1.73566659e-05
204,514.0,1.17644493e-06,1.73645076e-05
205,515.0,1.17157435e-06,1.7382823e-05
206,516.0,1.15249986e-06,1.7231634e-05
207,517.0,1.16137937e-06,1.73649223e-05
208,518.0,1.18250375e-06,1.74356192e-05
209,519.0,1.14683587e-06,1.71875308e-05
210,520.0,1.14212514e-06,1.74159304e-05
211,521.0,1.14446982e-06,1.73278895e-05
212,522.0,1.14480179e-06,1.71850643e-05
213,523.0,1.14813361e-06,1.72171895e-05
214,524.0,1.16809247e-06,1.73329172e-05
215,525.0,1.15373905e-06,1.73982862e-05
216,526.0,1.12274063e-06,1.70903841e-05
217,527.0,1.15434648e-06,1.70913627e-05
218,528.0,1.16411638e-06,1.72487216e-05
219,529.0,1.13459203e-06,1.70587009e-05
220,530.0,1.12125076e-06,1.69077339e-05
221,531.0,1.14932641e-06,1.70844742e-05
222,532.0,1.1252996e-06,1.7085511e-05
223,533.0,1.08035783e-06,1.68386741e-05
224,534.0,1.08699896e-06,1.69442937e-05
225,535.0,1.11596898e-06,1.70071144e-05
226,536.0,1.06980383e-06,1.6833912e-05
227,537.0,1.1112212e-06,1.69102641e-05
228,538.0,1.10858218e-06,1.68083498e-05
229,539.0,1.10962276e-06,1.67399758e-05
230,540.0,1.09726466e-06,1.68020943e-05
231,541.0,1.11416387e-06,1.68467286e-05
232,542.0,1.12295197e-06,1.67737835e-05
233,543.0,1.10883923e-06,1.67457747e-05
234,544.0,1.09768189e-06,1.6774291e-05
235,545.0,1.06821631e-06,1.66737009e-05
236,546.0,1.09143502e-06,1.68586394e-05
237,547.0,1.05018e-06,1.64627854e-05
238,548.0,1.1044209e-06,1.67324251e-05
239,549.0,1.08803135e-06,1.66423724e-05
240,550.0,1.05520928e-06,1.64783287e-05
241,551.0,1.06314519e-06,1.64792364e-05
242,552.0,1.07006258e-06,1.64914363e-05
243,553.0,1.09334883e-06,1.66440659e-05
244,554.0,1.04473349e-06,1.63392033e-05
245,555.0,1.06852781e-06,1.64456851e-05
246,556.0,1.05121092e-06,1.63691711e-05
247,557.0,1.06053744e-06,1.63784607e-05
248,558.0,1.04988567e-06,1.62619654e-05
249,559.0,1.05238655e-06,1.64290577e-05
250,560.0,1.05230799e-06,1.62736033e-05
251,561.0,1.03139143e-06,1.62445776e-05
252,562.0,1.01890237e-06,1.59689407e-05
253,563.0,1.04508274e-06,1.6064756e-05
254,564.0,1.03434866e-06,1.61816406e-05
255,565.0,9.96329618e-07,1.5917547e-05
256,566.0,1.0080505e-06,1.57598333e-05
257,567.0,1.01186936e-06,1.58713265e-05
258,568.0,1.00593115e-06,1.5806876e-05
259,569.0,9.99413601e-07,1.57573559e-05
260,570.0,1.0089218e-06,1.57107006e-05
261,571.0,9.98536166e-07,1.57715385e-05
262,572.0,9.97207167e-07,1.56403366e-05
263,573.0,9.84845087e-07,1.56719125e-05
264,574.0,1.00047225e-06,1.56389615e-05
265,575.0,9.72892849e-07,1.55839989e-05
266,576.0,9.92985747e-07,1.55394682e-05
267,577.0,9.59911972e-07,1.5481879e-05
268,578.0,9.63173648e-07,1.5305839e-05
269,579.0,9.7883742e-07,1.54911468e-05
270,580.0,9.70615361e-07,1.53305882e-05
271,581.0,9.73784267e-07,1.52765497e-05
272,582.0,9.6296958e-07,1.52367829e-05
273,583.0,9.47235378e-07,1.53224755e-05
274,584.0,9.40761879e-07,1.52297644e-05
275,585.0,9.69119242e-07,1.53694909e-05
276,586.0,9.28030659e-07,1.52518014e-05
277,587.0,9.49746777e-07,1.52601806e-05
278,588.0,9.38453468e-07,1.49337411e-05
279,589.0,9.0921759e-07,1.4990037e-05
280,590.0,9.44105352e-07,1.51470758e-05
281,591.0,9.06319201e-07,1.48821691e-05
282,592.0,9.23580103e-07,1.48221307e-05
283,593.0,9.06529806e-07,1.47938463e-05
284,594.0,9.0414494e-07,1.47966502e-05
285,595.0,9.02775014e-07,1.45582007e-05
286,596.0,8.77384934e-07,1.4433107e-05
287,597.0,8.76650972e-07,1.44200058e-05
288,598.0,8.80670143e-07,1.43273492e-05
289,599.0,8.33127615e-07,1.42269828e-05
290,600.0,8.43871305e-07,1.40631837e-05
291,601.0,8.42932081e-07,1.38364903e-05
292,602.0,8.65672746e-07,1.40459988e-05
293,603.0,8.26758537e-07,1.37640382e-05
294,604.0,8.50408242e-07,1.37603292e-05
295,605.0,8.26119276e-07,1.36965809e-05
296,606.0,8.25722736e-07,1.36948993e-05
297,607.0,8.15270369e-07,1.35660657e-05
298,608.0,8.34729917e-07,1.35154487e-05
299,609.0,8.16257341e-07,1.35660666e-05
300,610.0,7.93566073e-07,1.34427328e-05
301,611.0,8.07534661e-07,1.33614476e-05
302,612.0,8.24749691e-07,1.3505567e-05
303,613.0,8.08637481e-07,1.35388191e-05
304,614.0,7.81954725e-07,1.33390222e-05
305,615.0,8.04992681e-07,1.33901649e-05
306,616.0,7.96102256e-07,1.34658476e-05
307,617.0,8.00897567e-07,1.33540871e-05
308,618.0,7.95489825e-07,1.34052707e-05
309,619.0,8.01861177e-07,1.34766278e-05
310,620.0,7.95983851e-07,1.33486374e-05
311,621.0,7.77793502e-07,1.33465946e-05
312,622.0,7.87310853e-07,1.3266761e-05
313,623.0,7.87904526e-07,1.32016721e-05
314,624.0,7.91753109e-07,1.32528385e-05
315,625.0,7.73650356e-07,1.30409908e-05
316,626.0,7.62821116e-07,1.2943271e-05
317,627.0,7.50222682e-07,1.28238216e-05
318,628.0,7.58930241e-07,1.28491711e-05
319,629.0,7.53346058e-07,1.27160492e-05
320,630.0,7.36449067e-07,1.25745464e-05
321,631.0,7.32822343e-07,1.25352253e-05
322,632.0,7.18318176e-07,1.23385489e-05
323,633.0,7.22432617e-07,1.2247604e-05
324,634.0,7.15870158e-07,1.22297643e-05
325,635.0,7.01945851e-07,1.21266658e-05
326,636.0,7.0094859e-07,1.1932314e-05
327,637.0,6.80437495e-07,1.17580821e-05
328,638.0,6.71118869e-07,1.15662451e-05
329,639.0,6.71194073e-07,1.16950632e-05
330,640.0,6.58650208e-07,1.15353378e-05
331,641.0,6.92965955e-07,1.15505445e-05
332,642.0,6.77874368e-07,1.15414477e-05
333,643.0,6.57514875e-07,1.14441036e-05
334,644.0,6.64783613e-07,1.1415028e-05
335,645.0,6.47391857e-07,1.13892247e-05
336,646.0,6.57033638e-07,1.13948527e-05
337,647.0,6.61616582e-07,1.13164651e-05
338,648.0,6.56130055e-07,1.1362059e-05
339,649.0,6.22810376e-07,1.10530009e-05
340,650.0,6.47267939e-07,1.12244497e-05
341,651.0,6.4312718e-07,1.10564042e-05
342,652.0,6.35136416e-07,1.10068077e-05
343,653.0,6.31392368e-07,1.08821405e-05
344,654.0,6.0953073e-07,1.06938505e-05
345,655.0,6.09313361e-07,1.06519019e-05
346,656.0,6.02344471e-07,1.04444753e-05
347,657.0,5.99194493e-07,1.03126104e-05
348,658.0,5.98834333e-07,1.02513877e-05
349,659.0,5.86951273e-07,1.01911228e-05
350,660.0,5.83379688e-07,1.00415418e-05
351,661.0,5.63118874e-07,1.00180687e-05
352,662.0,5.78114623e-07,9.95581377e-06
353,663.0,5.70069631e-07,1.00761408e-05
354,664.0,5.71110718e-07,1.00380657e-05
355,665.0,5.78779975e-07,1.00297993e-05
356,666.0,5.69446684e-07,9.96783729e-06
357,667.0,5.85827138e-07,1.00556344e-05
358,668.0,5.72335182e-07,1.00091092e-05
359,669.0,5.80000176e-07,9.9159497e-06
360,670.0,5.72089391e-07,9.97232473e-06
361,671.0,5.62497746e-07,9.85521456e-06
362,672.0,5.61362697e-07,9.80876121e-06
363,673.0,5.60997364e-07,9.82364782e-06
364,674.0,5.62910941e-07,9.80650566e-06
365,675.0,5.55354916e-07,9.67133383e-06
366,676.0,5.68907808e-07,9.75472267e-06
367,677.0,5.53419341e-07,9.68648328e-06
368,678.0,5.6816333e-07,9.70288966e-06
369,679.0,5.54803421e-07,9.74146133e-06
370,680.0,5.64244544e-07,9.80622008e-06
371,681.0,5.66545509e-07,9.7929169e-06
372,682.0,5.67757695e-07,9.79439847e-06
373,683.0,5.80190942e-07,1.00302168e-05
374,684.0,5.70882548e-07,9.9664685e-06
375,685.0,5.69192309e-07,9.83883911e-06
376,686.0,5.70168993e-07,9.95161099e-06
377,687.0,5.72729675e-07,9.93767026e-06
378,688.0,5.80100846e-07,1.00562638e-05
379,689.0,5.73198861e-07,9.97921052e-06
380,690.0,5.6959982e-07,9.88276588e-06
381,691.0,5.60585363e-07,9.67993492e-06
382,692.0,5.51893777e-07,9.6002268e-06
383,693.0,5.38239874e-07,9.42439692e-06
384,694.0,5.1668809e-07,9.1904576e-06
385,695.0,5.10656776e-07,9.01224666e-06
386,696.0,5.03057265e-07,8.77193179e-06
387,697.0,4.78878064e-07,8.45341401e-06
388,698.0,4.63059308e-07,8.29671171e-06
389,699.0,4.65639744e-07,8.14361192e-06
390,700.0,4.46099421e-07,7.94517291e-06
391,701.0,4.50321664e-07,7.87284262e-06
392,702.0,4.3543173e-07,7.7562263e-06
393,703.0,4.36281169e-07,7.65571713e-06
394,704.0,4.27546183e-07,7.57752423e-06
395,705.0,4.35922658e-07,7.61733463e-06
396,706.0,4.2428664e-07,7.5458679e-06
397,707.0,4.3487745e-07,7.62169293e-06
398,708.0,4.41148188e-07,7.72967542e-06
399,709.0,4.36968236e-07,7.82154802e-06
400,710.0,4.4913287e-07,7.87902172e-06
401,711.0,4.48142316e-07,8.00991074e-06
402,712.0,4.50880833e-07,8.04576939e-06
403,713.0,4.55870463e-07,8.11708378e-06
404,714.0,4.60527787e-07,8.19210436e-06
405,715.0,4.65078074e-07,8.24120525e-06
406,716.0,4.53191745e-07,8.12519102e-06
407,717.0,4.48522428e-07,7.96615222e-06
408,718.0,4.33169475e-07,7.76475008e-06
409,719.0,4.24709725e-07,7.564508e-06
410,720.0,4.05919792e-07,7.29668136e-06
411,721.0,3.93697604e-07,7.07827849e-06
412,722.0,3.95603081e-07,6.95418112e-06
413,723.0,3.83098467e-07,6.82536893e-06
414,724.0,3.8158052e-07,6.74183957e-06
415,725.0,3.78778822e-07,6.7461724e-06
416,726.0,3.73665472e-07,6.72546958e-06
417,727.0,3.93023583e-07,6.9154039e-06
418,728.0,3.97709186e-07,7.06332003e-06
419,729.0,4.00645234e-07,7.11444818e-06
420,730.0,4.2052946e-07,7.42697102e-06
421,731.0,4.13913511e-07,7.41666781e-06
422,732.0,4.16424371e-07,7.45159605e-06
423,733.0,4.24515349e-07,7.48465163e-06
424,734.0,4.10825294e-07,7.26080862e-06
425,735.0,4.06555216e-07,7.27487713e-06
426,736.0,3.95411377e-07,7.1156278e-06
427,737.0,3.97765263e-07,7.09828282e-06
428,738.0,3.84779696e-07,6.89607396e-06
429,739.0,3.74662051e-07,6.71934959e-06
430,740.0,3.7981718e-07,6.77576463e-06
431,741.0,3.73748605e-07,6.7334804e-06
432,742.0,3.69008916e-07,6.68195617e-06
433,743.0,3.67333911e-07,6.58858835e-06
434,744.0,3.5575647e-07,6.47932575e-06
435,745.0,3.56570894e-07,6.42197938e-06
436,746.0,3.46481613e-07,6.30550312e-06
437,747.0,3.44806068e-07,6.20971514e-06
438,748.0,3.35173155e-07,6.10114967e-06
439,749.0,3.3225416e-07,6.05241485e-06
440,750.0,3.26279832e-07,5.93801315e-06
441,751.0,3.21229521e-07,5.83023757e-06
442,752.0,3.25047097e-07,5.83866995e-06
443,753.0,3.22236019e-07,5.78035542e-06
444,754.0,3.18704082e-07,5.7396478e-06
445,755.0,3.21627368e-07,5.75583363e-06
446,756.0,3.27775695e-07,5.83442988e-06
447,757.0,3.36563858e-07,5.97466078e-06
448,758.0,3.5096474e-07,6.12318354e-06
449,759.0,3.78961118e-07,6.58339877e-06
450,760.0,3.98250137e-07,7.03826117e-06
451,761.0,4.35382731e-07,7.64552533e-06
452,762.0,4.53588115e-07,8.17673481e-06
453,763.0,4.59727659e-07,8.43554153e-06
454,764.0,4.63085371e-07,8.56249881e-06
455,765.0,4.56897908e-07,8.36964136e-06
456,766.0,4.48248556e-07,8.0965965e-06
457,767.0,4.18038837e-07,7.57683165e-06
458,768.0,4.01919351e-07,7.23703215e-06
459,769.0,3.69909628e-07,6.76932314e-06
460,770.0,3.45811998e-07,6.31587909e-06
461,771.0,3.28575055e-07,5.94618314e-06
462,772.0,3.09990469e-07,5.6088561e-06
463,773.0,2.95896882e-07,5.3504059e-06
464,774.0,2.8035052e-07,5.11141525e-06
465,775.0,2.67742791e-07,4.94567894e-06
466,776.0,2.70027243e-07,4.88132218e-06
467,777.0,2.58857852e-07,4.77150843e-06
468,778.0,2.54911328e-07,4.69761744e-06
469,779.0,2.5110154e-07,4.60255251e-06
470,780.0,2.47784726e-07,4.6313412e-06
471,781.0,2.48767151e-07,4.60329238e-06
472,782.0,2.45691666e-07,4.55642521e-06
473,783.0,2.46697994e-07,4.59222792e-06
474,784.0,2.50910944e-07,4.64792129e-06
475,785.0,2.63847255e-07,4.7981398e-06
476,786.0,2.68824039e-07,4.90761931e-06
477,787.0,2.76880002e-07,5.01535123e-06
478,788.0,2.77573122e-07,5.07801178e-06
479,789.0,2.82729502e-07,5.19242485e-06
480,790.0,2.7918486e-07,5.20668755e-06
481,791.0,2.77142817e-07,5.1269185e-06
482,792.0,2.73293665e-07,5.0608196e-06
483,793.0,2.81739659e-07,5.06102378e-06
484,794.0,2.76064839e-07,5.03433694e-06
485,795.0,2.73995795e-07,4.92778236e-06
486,796.0,2.70425431e-07,4.97557085e-06
487,797.0,2.78145137e-07,5.03412639e-06
488,798.0,2.78149002e-07,5.0501194e-06
489,799.0,2.74933711e-07,5.03551564e-06
490,800.0,2.63899864e-07,4.95568383e-06
491,801.0,2.66712192e-07,4.91782293e-06
492,802.0,2.62053533e-07,4.78372658e-06
493,803.0,2.54550514e-07,4.71626481e-06
494,804.0,2.52159367e-07,4.60634055e-06
495,805.0,2.51051546e-07,4.58509385e-06
496,806.0,2.50094729e-07,4.59120974e-06
497,807.0,2.519144e-07,4.58838804e-06
498,808.0,2.54115491e-07,4.64571986e-06
499,809.0,2.55471861e-07,4.64073173e-06
500,810.0,2.62623644e-07,4.74116769e-06
501,811.0,2.66855011e-07,4.83504346e-06
502,812.0,2.65223235e-07,4.81996904e-06
503,813.0,2.81362276e-07,5.03847969e-06
504,814.0,2.87137141e-07,5.16681121e-06
505,815.0,3.39436809e-07,5.76411685e-06
506,816.0,4.37914736e-07,6.94183063e-06
507,817.0,6.04991385e-07,9.25492714e-06
508,818.0,8.21621427e-07,1.28776155e-05
509,819.0,1.09159134e-06,1.76575286e-05
510,820.0,1.31738261e-06,2.27405981e-05
511,821.0,1.53016322e-06,2.71228055e-05
512,822.0,1.74213835e-06,3.04948971e-05
513,823.0,1.87298303e-06,3.29365866e-05
514,824.0,1.92224798e-06,3.36457124e-05
515,825.0,1.82989254e-06,3.3143082e-05
516,826.0,1.71750753e-06,3.15590842e-05
517,827.0,1.60594925e-06,2.91558063e-05
518,828.0,1.47860203e-06,2.60344659e-05
519,829.0,1.32348794e-06,2.25847361e-05
520,830.0,1.20549589e-06,1.99014976e-05
521,831.0,1.04569153e-06,1.74757042e-05
522,832.0,9.13126655e-07,1.61681746e-05
523,833.0,8.52840174e-07,1.4796371e-05
524,834.0,7.69693997e-07,1.35336177e-05
525,835.0,6.9871578e-07,1.2179009e-05
526,836.0,6.47865306e-07,1.12257494e-05
527,837.0,5.86335773e-07,1.02241229e-05
528,838.0,5.34256515e-07,9.41118651e-06
529,839.0,4.82987616e-07,8.68227198e-06
530,840.0,4.38538962e-07,7.83543965e-06
531,841.0,3.92077084e-07,6.98126541e-06
532,842.0,3.52282683e-07,6.2265467e-06
533,843.0,3.10341335e-07,5.50951017e-06
534,844.0,2.72652613e-07,4.87035823e-06
535,845.0,2.39849896e-07,4.2972988e-06
536,846.0,2.08020381e-07,3.78652635e-06
537,847.0,1.89918325e-07,3.45982698e-06
538,848.0,1.7519973e-07,3.1615325e-06
539,849.0,1.60888931e-07,2.93514972e-06
540,850.0,1.54444677e-07,2.82027759e-06
541,851.0,1.51315902e-07,2.74247964e-06
542,852.0,1.48321078e-07,2.69779866e-06
543,853.0,1.4398718e-07,2.67456721e-06
544,854.0,1.46732248e-07,2.66855977e-06
545,855.0,1.48904405e-07,2.69856332e-06
546,856.0,1.47506199e-07,2.68932399e-06
547,857.0,1.49534159e-07,2.75803609e-06
548,858.0,1.52351419e-07,2.78585276e-06
549,859.0,1.55255108e-07,2.83771442e-06
550,860.0,1.59188602e-07,2.86843829e-06
551,861.0,1.66049958e-07,2.97047654e-06
552,862.0,1.70210996e-07,3.03524234e-06
553,863.0,1.74085514e-07,3.1466318e-06
554,864.0,1.86773349e-07,3.29576756e-06
555,865.0,1.84877919e-07,3.39892517e-06
556,866.0,1.98691396e-07,3.58935267e-06
557,867.0,2.11778783e-07,3.76806133e-06
558,868.0,2.24863513e-07,3.96809946e-06
559,869.0,2.38668804e-07,4.19819298e-06
560,870.0,2.42545127e-07,4.3525838e-06
561,871.0,2.6477457e-07,4.6017135e-06
562,872.0,2.81174039e-07,4.91631818e-06
563,873.0,3.02501661e-07,5.23874951e-06
564,874.0,3.48868724e-07,5.76793764e-06
565,875.0,4.54885708e-07,7.1023037e-06
566,876.0,6.04109914e-07,9.04450462e-06
567,877.0,8.35238779e-07,1.29416321e-05
568,878.0,1.06211917e-06,1.73472254e-05
569,879.0,1.32424168e-06,2.22503622e-05
570,880.0,1.52141388e-06,2.63872353e-05
571,881.0,1.65300389e-06,2.90342432e-05
572,882.0,1.75384105e-06,3.0763098e-05
573,883.0,1.76242634e-06,3.08041708e-05
574,884.0,1.675107e-06,2.95205318e-05
575,885.0,1.5179038e-06,2.71638601e-05
576,886.0,1.3435382e-06,2.35493553e-05
577,887.0,1.17067179e-06,1.98152047e-05
578,888.0,9.57155521e-07,1.60925629e-05
579,889.0,8.89433352e-07,1.38545774e-05
580,890.0,7.85619989e-07,1.24295348e-05
581,891.0,7.73866589e-07,1.2340498e-05
582,892.0,7.96093616e-07,1.33054946e-05
583,893.0,8.30550448e-07,1.4287185e-05
584,894.0,8.67838651e-07,1.52574521e-05
585,895.0,8.6323189e-07,1.53758974e-05
586,896.0,8.61487592e-07,1.51591012e-05
587,897.0,8.22982031e-07,1.44494425e-05
588,898.0,7.72035378e-07,1.34332668e-05
589,899.0,7.45478985e-07,1.24636581e-05
590,900.0,7.54243501e-07,1.23484697e-05
591,901.0,8.0434171e-07,1.31286979e-05
592,902.0,8.27585666e-07,1.40859402e-05
593,903.0,8.49325147e-07,1.49495336e-05
594,904.0,8.71556438e-07,1.55241669e-05
595,905.0,8.53558731e-07,1.5310965e-05
596,906.0,8.10997278e-07,1.44605337e-05
597,907.0,7.48472303e-07,1.32094292e-05
598,908.0,6.63574667e-07,1.16998399e-05
599,909.0,5.89819479e-07,1.01671121e-05
600,910.0,5.81811435e-07,9.42009683e-06
601,911.0,6.13958434e-07,9.65134132e-06
602,912.0,7.11788857e-07,1.11162972e-05
603,913.0,8.02193313e-07,1.30541976e-05
604,914.0,9.24727942e-07,1.57406557e-05
605,915.0,1.03469358e-06,1.79689323e-05
606,916.0,1.1134465e-06,1.96315104e-05
607,917.0,1.13365968e-06,2.0159523e-05
608,918.0,1.08792995e-06,1.95538996e-05
609,919.0,1.01405362e-06,1.80788302e-05
610,920.0,9.26502594e-07,1.59699266e-05
611,921.0,7.79987317e-07,1.35327919e-05
612,922.0,6.59559873e-07,1.12511343e-05
613,923.0,5.53753409e-07,9.22480285e-06
614,924.0,4.44220632e-07,7.49124411e-06
615,925.0,3.80315981e-07,6.36808136e-06
616,926.0,3.32008369e-07,5.56912664e-06
617,927.0,2.93588727e-07,4.89967942e-06
618,928.0,2.66369568e-07,4.52794075e-06
619,929.0,2.56328491e-07,4.23342362e-06
620,930.0,2.43982043e-07,4.09665063e-06
621,931.0,2.42817293e-07,4.05429955e-06
622,932.0,2.55123638e-07,4.12566033e-06
623,933.0,2.69052777e-07,4.23366146e-06
624,934.0,2.85801377e-07,4.48665151e-06
625,935.0,3.27469024e-07,4.87093439e-06
626,936.0,3.50469037e-07,5.20043204e-06
627,937.0,3.95881301e-07,5.69932035e-06
628,938.0,4.23392493e-07,6.09555491e-06
629,939.0,4.4588819e-07,6.35084098e-06
630,940.0,4.54250028e-07,6.40527151e-06
631,941.0,4.64573219e-07,6.48087143e-06
632,942.0,4.6629367e-07,6.40805411e-06
633,943.0,4.58226936e-07,6.23698088e-06
634,944.0,4.58236883e-07,6.13242537e-06
635,945.0,4.53605111e-07,6.10501957e-06
636,946.0,4.51694774e-07,6.11263067e-06
637,947.0,4.64895862e-07,6.27225563e-06
638,948.0,4.63366092e-07,6.39044265e-06
639,949.0,4.7902671e-07,6.63492438e-06
640,950.0,4.76677513e-07,6.76495483e-06
641,951.0,4.69658488e-07,6.78135211e-06
642,952.0,4.71384254e-07,6.84688803e-06
643,953.0,4.40100479e-07,6.56437351e-06
644,954.0,4.13872101e-07,6.28738326e-06
645,955.0,3.82160891e-07,5.79844391e-06
646,956.0,3.46234884e-07,5.31139403e-06
647,957.0,3.07418333e-07,4.71001613e-06
648,958.0,2.73208087e-07,4.22123139e-06
649,959.0,2.3923306e-07,3.77360675e-06
650,960.0,2.14945942e-07,3.41144323e-06
